metric,combined,book1,book2
bigram_TTR,0.43173194354643835,0.48715503817474637,0.48875704242907714
trigram_TTR,0.8153236261278177,0.8517657227527164,0.850119971331526
